1945,1 ABHIVADAN MAUJ MASTI,4449.38,2220,1779.75,0
1950,1 ABHIVADAN VERANI,17095.25,8550,6838.1,-1
2291,1 EID SPECIAL,3575,1790,1430,-3
1925,1 GC KITKAT,6125,3060,2450,0
1913,1 GF JAYMALA,2750,1370,1100,0
2035,1 INNAYA NOODLE,1022.5,510,409,0
2013,1 INNAYA ROSE GOLD,1612.5,810,645,0
1956,1 INNAYA SIMBA,1425,710,570,-2
2088,1 KC ISHQ LIBAAS FENDI,4750,2370,1900,0
2113,1 KC SHAHI PASAND  CRUNCHY PLAZO SHADED,4875,2440,1950,0
2144,1 KC STYLEZA,6225,3110,2490,0
1839,1 RS HEAVY BO NEW,2825,1412.5,1130,0
2126,1 SONY HARI 51 PURSE,4987.5,2490,1995,0
1922,10 GF RESHAM 3,1687.5,840,675,-2
2135,10 GHAZAL SG,1500,750,600,-2
2044,10 INNAYA HUNDRED PIPE,2475,1240,990,-1
1965,10 INNAYA JELLY,1237.5,620,495,0
2021,10 INNAYA OUTPUT,1210,600,484,-1
2300,10 KC BERRY FIZZ,4062.5,2030,1625,-1
2097,10 KC CHILL BERYY  FLUTE SUIT,3350,1670,1340,0
2122,10 KC STREET FOOD,1687.5,840,675,0
2153,10 MOH MAYA,3575,1790,1430,0
1848,10 RS  NEW ZARI,2750,1380,1100,0
2045,11 INNAYA COCOCOLA,1340,670,536,-2
1966,11 INNAYA CYCLONE,1237.5,620,495,0
2022,11 INNAYA MUSCUT,2632.5,1320,1053,0
2123,11 KC BAARISH BEATS  CRUNCHY,2062.5,1030,825,0
2098,11 KC OPEN SKY  FLUTE SUIT,4137.5,2070,1655,-2
2301,11 KC ZANZAR QUEEN,4062.5,2030,1625,0
2136,11 KKC APSARA,612.5,310,245,-1
1923,11 MSM LUNA,1687.5,840,675,0
2154,11 RANGEELA,3550,1770,1420,0
1849,11 RS CHANDNIYA,3562.5,1780,1425,0
2137,12 1178 JIMMY,2312.5,1160,925,0
2023,12 INNAYA COCOCOLA,1340,670,536,-1
1967,12 INNAYA SOLID,1262.5,630,505,-4
2046,12 INNAYA SUPRIYA,3062.5,1530,1225,0
2099,12 KC CHILLY WILLY  SUIT,4137.5,2070,1655,0
2302,12 KC MASALEDAR MASTI,3150,1570,1260,-1
2124,12 KC RAIN DANCE SUITE,2062.5,1030,825,0
2155,12 MOH MAYA DARK,3375,1690,1350,0
1924,12 MSM DUSTER,3562.5,1780,1425,0
1850,12 NC MOSS,3562.5,1780,1425,0
2047,13 INNAYA DESTINY,2150,1070,860,-1
1968,13 INNAYA GOLD STAR,2012.5,1010,805,-1
2024,13 INNAYA SOLID,1262.5,630,505,-1
2100,13 KC CRAZY PAL  FLUTE  SUIT,3812.5,1910,1525,0
2125,13 KC ROAD TRIP  STAR JORJET  PLAZO SHAD,5275,2640,2110,0
2303,13 KC SPICE CROWN,3475,1740,1390,0
1851,13 RS FLUTE TOM TO TON,3287.5,1650,1315,0
2156,13 SSM READYMADE,3120,1500,1085,0
2304,14 GOLDEN MEMORY,4987.5,2490,1995,-1
2025,14 INNAYA COCACOLA,1340,670,536,-3
2048,14 INNAYA GARMAGARAM,2875,1440,1150,0
1969,14 INNAYA NUDDLE,1022.5,510,409,-1
2101,14 KC CRUNCHY BULBUL MAGIC,2312.5,1160,925,0
1852,14 RS FLUTE DESIGN DN,3362.5,1680,1345,0
2026,15 INNAYA GOOSEBERRY,2312.5,1160,925,0
1970,15 INNAYA OUTPUT,1210,600,484,0
2049,15 INNAYA PREMIERE,2900,1450,1160,-1
2102,15 KC SWEET SPARROW 4 CRUCNHY,2312.5,1160,925,0
1853,15 RS FLUTE NECK NEW,3362.5,1680,1345,0
2050,16 INNAYA BLACK BIRD,3175,1590,1270,0
1971,16 INNAYA HOTKIT,1130,560,452,-3
2027,16 INNAYA STAR 2.5 MTR,1072.5,540,429,-4
2103,16 KC RANG SATRANGI  SUIT JORJET,2062.5,1030,825,0
2306,16 SHREE GANESH,740,360,335,-35
2028,17 INNAYA CAP LOCK,3277.5,1640,1311,0
1972,17 INNAYA DUBAI,3707.5,1850,1483,2
2051,17 INNAYA LAND ROVER,2900,1450,1160,0
2104,17 KC BAKED COOKIES  SUIT,2312.5,1160,925,-1
2307,17 ROZY KALA CHASHMA,762.5,350,305,-9
2052,18 INNAYA EMAIL,2550,1270,1020,-1
1973,18 INNAYA ROYAL STAG,1342.5,670,537,-1
2029,18 INNAYA WEBSITE,1665,830,666,0
2105,18 KC SELFIE MODE SUIT,1987.5,990,795,0
2308,18 KC THUMKA ZONE,4037.5,2020,1615,0
2030,19 INNAYA BLACK LABEL,2417.5,1210,967,0
1974,19 INNAYA JOSCO,2475,1240,990,0
2053,19 INNAYA SUPER MAX,3087.5,1540,1235,0
1946,2 ABHIVADAN KELINA,6549.38,3270,2619.75,0
1951,2 ABHIVDAN ARDH SHATAK,23585.25,11790,9434.1,0
1914,2 GF RESHAM,1687.5,840,675,-1
1957,2 INNAYA GOOGLE PAY,1317.5,660,527,0
2014,2 INNAYA HUNDRED PIPER,2475,1240,990,0
2036,2 INNAYA IB71,2687.5,1340,1075,-1
2145,2 KC BITE TIME,4112.5,2060,1645,0
2127,2 KC BLOOM ROSE PLAZO CRUNCHY,5625,2810,2250,0
2089,2 KC CRUNCHY MUNCHY SALSA,5487.5,2740,2195,0
2114,2 KC ROYAL MEETHAS  CRUNCHY  PLAZO,4875,2440,1950,0
2292,2 LAST TIME,3162.5,1580,1265,-1
1926,2 RR 1252,5737.5,2870,2295,0
1840,2 RS SATIN DAMAN,2675,1337.5,1070,0
2031,20 INNAYA DYNAMIC,1775,890,710,-1
1975,20 INNAYA SIMBA,1425,710,570,0
2054,20 INNAYA TELEGRAM,1937.5,970,775,0
2055,21 INNAYA COCONUT,2580,1290,1032,0
1976,21 INNAYA NOVATEL,1450,720,580,-2
2032,21 INNAYA SUPRIYA,3062.5,1530,1225,-3
2033,22 INNAYA 3 IDIOTS,2417.5,1210,967,0
1977,22 INNAYA JOSCO,2475,1240,990,0
2056,22 INNAYA LAND ROVER,2900,1450,1160,0
1978,23 INNAYA CAN WAFER,1855,930,742,-1
2034,23 INNAYA NONSTOP,1262.5,630,505,0
2057,23 INNAYA PARI,3012.5,1510,1205,0
1979,24 INNAYA WAFER,1855,930,742,-1
1980,25 INNAYA GOOGLE PAY,1317.5,660,527,-1
1981,26 INNAYA MUZZA,2500,1250,1000,-8
1982,27 INNAYA REDWINE,1855,930,742,-2
1983,28 INNAYA MEGA STAR,1400,700,560,-2
1984,29 INNAYA TOTAL,1262.5,630,505,0
1947,3 ABHIVADAN BIG WIN,5630.63,2820,2252.25,0
1952,3 ABHIVDAN SUNSHINE,17685.25,8840,7074.1,0
1927,3 GC RAASHI 2,5737.5,2870,2295,0
1958,3 INNAYA CROCODILES,1400,700,560,0
2037,3 INNAYA GOOGLE PAY,1317.5,660,527,0
2015,3 INNAYA NUDDLE,1022.5,510,409,-1
2293,3 KC HIGH CLASS,4725,2360,1890,0
2128,3 KC INSTA QUEEN PLAZO STAR JORJET,5237.5,2620,2095,0
2090,3 KC MEHAR LOOK CRUNCHY PLAZO,4875,2440,1950,0
2115,3 KC QUEEN CHOICE PLAZO ROYAL SHIFFON,4650,2320,1860,0
2146,3 KC ROLL NATION,5225,2610,2090,0
1915,3 MSM AUTOGRAPH,2750,1370,1100,-2
1841,3 RS SATIN NECKLESS,2550,1280,1020,0
1985,30 INNAYA MELBOURN,3145,1570,1258,0
1986,31 INNAYA POLAND,2742.5,1370,1097,0
1987,32 INNAYA ITALY,1665,830,666,0
1988,33 INNAYA NANITAL,2687.5,1340,1075,0
1989,34 INNAYA SYDNEY,3277.5,1640,1311,-1
1990,35 INNAYA AFRICA,2365,1180,946,0
1991,36 INNAYA GOLKEEPER,2285,1140,914,0
1992,37 INNAYA RICH BAKE,3492.5,1750,1397,0
1993,38 INNAYA GOLD STAR,2012.5,1010,805,0
1994,39 INNAYA LAND ROVER,2900,1450,1160,0
1953,4 ABHIVADAN AKRUTI,26535.25,13270,10614.1,0
1948,4 ABHIVDAN CHANDRLOK,5578.13,2790,2231.25,-1
2038,4 INNAYA ALPHA,2795,1400,1118,0
1959,4 INNAYA FIRE,1100,550,440,-1
2016,4 INNAYA ROYAL STAG,1342.5,670,537,-1
2091,4 KC CLASSY TASHAN  CRUNCHY PLAZO,4875,2440,1950,0
2294,4 KC FUNTASTIC,3662.5,1830,1465,-1
2147,4 KC PRETTY STYLE,4750,2370,1900,0
2129,4 KC RANG CRUNCH FLUTE TROUSER,3312.5,1660,1325,0
2116,4 KC SWEET NOOR  ROYAL SHIFFON  PLAZO,4650,2320,1860,0
1916,4 MSM SILVER STAR,3087.5,1540,1235,0
1928,4 RR 1282,5875,2940,2350,0
1842,4 RS CHIFFON  NEW,2550,1280,1020,0
1995,40 INNAYA RANGEELA,2825,1410,1130,-2
1996,41 INNAYA MARINE DRIVE,2392.5,1200,957,0
1997,42 INNAYA GUDGUDI,1182.5,590,473,-1
1998,43 INNAYA GOLD STAR,2012.5,1010,805,0
1999,44 INNAYA COCONUT,2580,1290,1032,0
2000,45 INNAYA BLACK BIRD,3175,1590,1270,-2
2001,46 INNAYA PEPSI,1962.5,980,785,-1
2002,47 INNAYA PRITY GIRL,1532.5,770,613,0
2003,48 INNAYA DYNAMIC,1775,890,710,-1
2004,49 INNAYA VIDMATE,1477.5,740,591,-1
1954,5 ABHIVADAN NEW MUSIC,26535.25,13270,10614.1,0
1949,5 ABHIVADAN OIL ENGINE,5499.38,2750,2199.75,0
1929,5 GC LAJJA,4175,2090,1670,0
1917,5 GF HIBA,2012.5,1010,805,0
2017,5 INNAYA GOOSE BERRY,2312.5,1160,925,-1
2039,5 INNAYA PEPSI,1962.5,980,785,0
1960,5 INNAYA ZIL MIL,1587.5,790,635,-3
2295,5 KC ENJOY LIFE,3662.5,1830,1465,0
2160,5 KC MARSHMALLOW,3712.5,1860,1485,0
2148,5 KC MOON BEAT,4750,2370,1900,0
2092,5 KC SHAHI ROOP  CRUNCHY PLAZO,4875,2440,1950,0
2130,5 KC SWEET CELEBRATION  PLAZO,5237.5,2620,2095,0
2117,5 KC ZEENAT GLOW  CRUNCHY RUSSIAN PLAZO,4925,2460,1970,0
1843,5 RS FLUTE DESIGNER,2825,1420,1130,0
2005,50 INNAYA CHARAS,2362.5,1180,945,0
2006,51 INNAYA VIDEOCON,2550,1270,1020,0
2007,52 INNAYA BLUE EYES,1290,640,516,0
2008,53 INNAYA ROYAL STAG,1342.5,670,537,0
2009,54 INNAYA BLUE EYS,1290,640,516,0
2010,55 INNAYA PEPSI,1962.5,980,785,-3
2011,56 INNAYA FIRE,1100,550,440,-2
2012,57 INNAYA FIRE,1100,550,440,0
2149,6 AVNEE 251,2925,1460,1170,-1
1930,6 GC SUPER BOYS,3912.5,1960,1565,0
1918,6 GF MAAN,1925,960,770,0
2018,6 INNAYA CHARAS,2362.5,1180,945,-1
1961,6 INNAYA CHINA INDIA,3437.5,1720,1375,0
2040,6 INNAYA RANGEELA,2820,1410,1128,0
2131,6 KC BADSHAHI STYLE PLAZO RUCHI SHIFFON,5725,2860,2290,0
2118,6 KC BANNO BEAUTY  CRUNCHY PLAZO DCUT AP,4925,2460,1970,0
2296,6 KC JOLLY JUNCTION,3712.5,1860,1485,-1
2161,6 KC REGAL BLOOM PURSE,5625,2810,2250,0
2093,6 KC SIZZLE BITE  TROSUER,3552.5,1780,1421,0
1844,6 RS NEW WD,3162.5,1580,1265,0
2150,7 AVNEN 253,3137.5,1570,1255,0
1931,7 GC TEACHER,3587.5,1790,1435,0
1919,7 GF AMUNA,1950,970,780,-2
2041,7 INNAYA MUSCUT,2632.5,1320,1053,-1
1962,7 INNAYA ROYAL STAG,1342.5,670,537,-1
2162,7 KC AFEEMA,5625,2810,2250,0
2094,7 KC DASTAK E DIL  FLUTE TROUSER,3552.5,1780,1421,0
2297,7 KC FUN FAIR,3712.5,1860,1485,0
2119,7 KC MUNCH BOX  CRUNCHY PLAZO,4900,2450,1960,0
2132,7 KC SWAD SANGAM  FLUTE PLAZO,5625,2810,2250,0
1845,7 RS FLUTE DE WD,3287.5,1650,1315,0
2360,7 STAR ST,500,250,0,-12
2151,8 AVNEE 218,2500,1250,1000,-2
1932,8 GC SYDNEY,3787.5,1890,1515,0
1920,8 GF SABITA,1950,970,780,0
1963,8 INNAYA HOTKIT,1130,560,452,-1
2019,8 INNAYA ROYAL STAG,1342.5,670,537,0
2042,8 INNAYA YOUTUBE,2042.5,1020,817,0
2298,8 KC DESI CLUB,3875,1940,1550,-2
2120,8 KC FLY ZONE CRUNCHY PLAZO,4900,2450,1960,-1
2133,8 KC SHAHI PASAND PLAZO RUCHI SHIFFON,5725,2860,2290,0
2095,8 KC ZOOM ZINDAGI  FLUTE TROUSER,3552.5,1780,1421,0
1846,8 RS RAJBHOG,3112.5,1560,1245,0
2134,9 1463  TROUSER  HH,3287.5,1640,1315,0
1933,9 GC AJIT,3850,1920,1540,0
1921,9 GF SUBWAY,2012.5,1010,805,0
2152,9 I LOVE YOU,3437.5,1720,1375,0
2043,9 INNAYA ACTION REPLY,3625,1810,1450,0
1964,9 INNAYA GUDGUDI,1182.5,590,473,-2
2020,9 INNAYA NUDDLE,1022.5,510,409,0
2121,9 KC AVIATOR SUIT,1687.5,840,675,-1
2096,9 KC ISHQ MOHABBAT  FLUTE TROUSER,3552.5,1780,1421,0
2299,9 KC THUMKA ZONE,3875,1940,1550,0
1847,9 RS FOX,2550,1280,1020,0
2765,ABC SULTAN,936,450,390,56
2704,ABHI BUS DRIVER,3612.5,1810,1445,3
2603,Abhi Filmi Beat,5120,2560,0,-1
2705,ABHI GOOD GIRL,11200,5600,4480,0
2703,ABHI INTEX 2,5900,2950,2360,1
2700,ABHI JAY JAY KAR,5765,2880,2306,3
2698,ABHI LAJJITA,5975,2990,2390,2
2702,ABHI OIL ENGINE,5637.5,2820,2255,2
2701,ABHI RAVI MHATRE,3162.5,1580,1265,1
2706,ABHI RAY OPTICS,23290,11640,9316,1
2699,ABHI TIME CLASS,5765,2880,2306,1
2707,ABHI TRIPTI DIMRI,5175,2590,2070,2
1450,ABHIVADAN AGASTYA,7808,7030,6100,0
1440,ABHIVADAN AMANDEEP,3833.6,3450,2995,0
1445,ABHIVADAN AUSTOLIAN GIRL,3372.8,3040,2635,0
1444,ABHIVADAN DHOOM,3833.6,3450,2995,0
2443,ABHIVADAN FINJAL,5688,2840,2370,2
2441,ABHIVADAN FLIMI BEAT,5112,2560,2130,2
2444,ABHIVADAN FORD NISHTHA,5112,2560,2130,1
1942,ABHIVADAN FREE ENTRY,23585.25,11790,9434.1,0
2442,ABHIVADAN GOOGLE SEARCH,6288,3140,2620,2
1941,ABHIVADAN GYM GIRL,9130.25,4570,3652.1,0
1442,ABHIVADAN HANGER,3308.8,3000,2585,0
1446,ABHIVADAN ISHANI,3795.2,3420,2965,0
1449,ABHIVADAN KANIKA,7532.8,6780,5885,0
2437,ABHIVADAN LAJJITA-2,5112,2560,2130,1
1448,ABHIVADAN LIMBAYAT,4147.2,3740,3240,0
1447,ABHIVADAN LURIBO,2848,2570,2225,-1
1943,ABHIVADAN PLATINUM,24632,12320,9853,0
1452,ABHIVADAN PLAYGIRL,8441.6,7600,6595,0
2436,ABHIVADAN POHRU,3720,1860,1550,0
2439,ABHIVADAN PRAGYA ARPAN 5,3984,1990,1660,-1
2440,ABHIVADAN PRAGYA ARPAN 6,3984,1990,1660,1
1443,ABHIVADAN SAVYA,3833.6,3450,2995,0
1441,ABHIVADAN SHAN SHAKTI,3091.2,2790,2415,0
1451,ABHIVADAN SUNSHINE,8441.6,7600,6595,0
2438,ABHIVADAN VARSHAV,5928,2960,2470,1
1665,AF GOWN NO. 18,8700,4350,2900,0
1666,AF GOWN NO. 19,9000,4500,3000,0
1664,AF GOWN NO.17,8400,4200,2800,0
1667,AF GOWN NO.20,9300,4650,3100,-4
1668,AF GOWN NO.21,9900,4950,3300,-3
2483,AF MEESHU NO.1,2646,1330,1110,4
2492,AF MEESHU NO.10,5796,2900,2420,4
2493,AF MEESHU NO.11,6300,3150,2630,2
2484,AF MEESHU NO.2,2898,1450,1210,4
2485,AF MEESHU NO.3,3276,1640,1365,4
2486,AF MEESHU NO.4,3402,1700,1420,4
2487,AF MEESHU NO.5,3528,1770,1470,4
2488,AF MEESHU NO.6,3780,1890,1575,3
2489,AF MEESHU NO.7,5040,2520,2100,3
2490,AF MEESHU NO.8,5166,2590,2160,4
2491,AF MEESHU NO.9,5670,2840,2370,4
1646,AF SUIT,3000,1500,0,-1
1647,AF SUIT 1 NO.,2500,1250,0,0
1648,AF SUIT 2 NO.,2750,1380,0,0
1652,AF SUIT N0.7,3375,1690,1350,0
1649,AF SUIT NO 3,2875,1440,0,0
1650,AF SUIT NO 5,3125,1560,0,0
1655,AF SUIT NO. 10,3750,1880,1500,-1
1656,AF SUIT NO. 11,4500,2250,1800,0
1657,AF SUIT NO. 12,5000,2500,2000,0
1660,AF SUIT NO. 15,5750,2880,2300,0
1653,AF SUIT NO. 8,3500,1750,1400,0
1658,AF SUIT NO.13,5375,2690,2150,0
1659,AF SUIT NO.14,5625,2820,2250,0
1661,AF SUIT NO.15 (B),5750,2880,2300,-2
1662,AF SUIT NO.16,6000,3000,2400,0
1663,AF SUIT NO.16 (B),6000,3000,2400,0
1651,AF SUIT NO.6,3250,1630,0,-1
1654,AF SUIT NO.9,3625,1820,1450,-2
2787,Afreen MASTI,1100,550,0,-4
1860,AHD PC COTTON WORK,492.5,250,197,-13
2734,AJRAKH MASTI,800,400,365,10
1514,ALINA JACKET,1881.6,1700,1470,0
1570,AMD WORK,500,250,205,131
1619,AMD WORK COTTON,500,250,0,-15
2755,ARIHANT ROMEO,1188,590,495,4
2164,ARNIMA 1281,3125,1560,1250,0
2166,ARNIMA 1302,3137.5,1570,1255,0
2165,ARNIMA 1333,3387.5,1690,1355,-2
1890,AST HINA,975,450,390,37
2415,AST MIRROR Q,900,450,0,-21
2788,AVNEE 366,2650,1330,1060,0
1549,BARKHA,588.8,530,460,-1
2460,BL ALEENA,5964,2980,2485,2
2468,BL ALINA,4908,2450,2045,3
2466,BL BALENO,3600,1800,1500,4
2462,Bl CHOCOLATE COFFEE,5688,2840,2370,4
2465,BL JAYMIN,5688,2840,2370,4
2464,BL MASTANI,4296,2150,1790,3
2463,BL MUSTAFA,4296,2150,1790,4
2461,BL NOSHIN,5928,2960,2470,4
2469,BL SAFIYA,4908,2450,2045,3
2467,BL TOOFAN,3636,1820,1515,4
2253,BLACK COFFEE,3762.5,1880,1505,-2
2770,BMB NO.1,264,130,110,3
2779,BMB NO.10,456,230,190,8
2780,BMB NO.11,408,200,170,23
2781,BMB NO.12,360,180,150,11
2782,BMB NO.13,384,190,160,11
2783,BMB NO.14,360,180,150,8
2784,BMB NO.15,312,160,130,57
2785,BMB NO.16,360,180,150,12
2771,BMB NO.2,504,250,210,5
2772,BMB NO.3,408,200,170,7
2773,BMB NO.4,276,140,115,6
2774,BMB NO.5,456,230,190,17
2775,BMB NO.6,600,300,250,7
2776,BMB NO.7,528,260,220,9
2777,BMB NO.8,312,160,130,4
2778,BMB NO.9,396,200,165,5
2082,CASH,0,0,0,0
1566,cookies om,1200,600,525,-34
1569,Cotten Suit Ahemdabad,250,200,250,0
1545,CRYSTAL CLEAR,595.2,540,465,0
2367,D.NO.JIYA-247,5292,2650,2205,-2
1623,DC TATA,759,380,330,-4
2760,DEEPKALA KUDI,0,0,450,8
2759,DEEPKALA SMALL PACKING,755,400,340,39
1680,DUPATTA SIYA WORK,280,140,120,-17
2806,G-3 AKANSHA,3225.6,1610,1344,4
2807,G-3 EXCLUSIVE,3225.6,1610,1344,4
2805,G-3 JASMINE-2,3328.8,1660,1387,4
2804,G-3 MAGGIE,3160.8,1580,1317,8
2802,G-3 PATIYALA,2968.8,1480,1237,8
2803,G-3 PATIYALA-3,3033.6,1520,1264,8
2801,G-3 UMBRELLA,3496.8,1750,1457,8
1354,GC 1008,2496,2250,1950,0
1353,GC 1009,2496,2250,1950,0
1355,GC 1030,2099.2,1890,1640,0
1359,GC 1031,2361.6,2130,1845,0
1357,GC 1041,2099.2,1890,1640,0
1361,GC 1088,1836.8,1660,1435,0
1436,GC 1122,1644.8,1480,1285,0
1564,Gc 1122 Plazo,1645,1480,0,0
1437,GC 1128,1708.8,1540,1335,0
1358,GC 1143,2361.6,2130,1845,0
1356,GC 1145,2361.6,2130,1845,-1
1370,GC AAROHI,2624,2370,2050,0
1372,GC CASIO PURSE,2956.8,2670,2310,0
1374,GC DIMPLE (PURSE),2688,2420,2100,0
1375,GC DULHAN (PURSE),2956.8,2670,2310,0
1438,GC GULAB RANI,2361.6,2130,1845,0
2074,GC HATIM,3956,1980,1720,0
2075,GC MANI KARNIKA,3059,1530,1330,0
1378,GC RAASHI (PURSE),2886.4,2600,2255,0
2087,GC RAJAT,3787.5,1890,1515,0
1373,GC SHAGUN (PURSE),3020.8,2720,2360,0
1376,GC SHRUTI (PURSE),2886.4,2600,2255,0
1371,GC SONU MONU (PURSE),2956.8,2670,2310,0
1377,GC STRAWBERRY (PURSE),2956.8,2670,2310,0
1321,GF AASHA,979.2,890,765,0
1307,GF AASHA JYOTI,998.4,900,780,0
1690,GF AMUNA,1875,910,726,0
1686,GF AUTOGRAPH,2565,1280,1026,0
2211,GF CRAZY LADY,1750,880,700,-2
1541,GF DUPATTA,130.56,120,102,-19
1694,GF DUSTAR,3315,1660,1326,0
1878,GF GOWN SHADES,4475,2240,1790,0
1316,GF GUNGUN,588.8,530,460,0
2169,GF GUNGUN',1137.5,570,455,-2
1688,GF HIBA,1875,940,750,-2
1313,GF JAI VEERU,1036.8,940,810,0
1684,GF JAYMALA,2565,1280,1026,0
1693,GF LUNA -3,1565,780,626,0
1689,GF MAAN,1790,900,716,0
1317,GF MEGHA,998.4,900,780,0
1322,GF NARMADA,979.2,890,765,-2
1318,GF NEHA,896,810,700,0
2212,GF PANEER MASALA,1625,820,650,-2
2210,GF RADHYA,1760,880,700,-4
2168,GF RAJ MAHAL,987.5,490,395,-2
1314,GF REBA,998.4,900,780,0
1685,GF RESHAM,1565,780,626,0
1692,GF RESHAM-3,1875,940,750,0
1879,GF RUSIDA D CUT,3587.5,1790,1435,0
1880,GF RUSIDA PLAZO,4087.5,2040,1635,-1
1311,GF SABITA,1815,900,726,0
1306,GF SANA,1139.2,1030,890,0
2167,GF SANVI,1125,560,450,-4
1310,GF SAPOOT,934.4,840,730,0
1687,GF SILVER STAR,2875,1440,1150,0
1315,GF SIMPY,998.4,900,780,0
1691,GF SUBWAY-2,1875,940,750,0
1308,GF SUMMER,1139.2,1030,890,0
1319,GF SWETA,1036.8,940,810,0
1312,GF TRUMP CARD,947.2,860,740,0
1320,GF YAMMA,1100.8,990,860,0
2247,GK CHANDA,3050,1530,1220,0
2246,GK CHIKALO,3050,1525,1220,0
2264,GK CHOCKLATE,2250,1130,900,0
2369,GK CRYPTON,2700,1350,1125,-1
2370,GK CYBER,2700,1350,1125,-2
2737,GK GABBAR,3480,1740,1450,3
2262,GK INDOR,2250,1130,900,-1
2263,GK JUDAI,2250,1130,900,0
2245,GK ORKUT,3050,1530,1220,-1
2767,GK PINAZO,2352,1180,980,3
2408,GK RED-ROSE,3024,1510,1260,4
2723,GK ROYAL CLUB,3060,1530,1225,3
2368,GK SECURITY,2700,1350,1125,-1
2261,GK SIGMA,2250,1130,900,0
1877,Gna  MIRINDA,1500,750,600,0
2078,Gna Gorjet,1325,660,530,0
1876,"GNA MAAZA,",1500,750,600,0
1465,GNA ORGANZA 7 STAR,608,550,475,0
2315,GUMNAM,3560,1780,1425,0
1629,Hasina Royal,522.1,250,227,-4
2320,IED KI MEHNDI,3816,1910,1590,-1
1480,INAYA 3 STAR,467.2,420,365,0
1496,INAYA BISLERI,595.2,540,465,-1
1504,INAYA BLOCKLBUSTER,768,700,600,0
1489,INAYA BLUE ICE,659.2,600,515,0
1508,INAYA BRAZIL,1100.8,990,860,-1
1477,INAYA CREDIT CARD,672,610,525,0
1479,INAYA CROCODILES,716.8,650,560,0
1500,INAYA FIRE,563.2,510,440,0
1476,INAYA FLAVOUR,704,640,550,0
1499,INAYA GOOGLE PLAY,672,610,525,0
1493,INAYA GUDGUDI,608,550,475,-2
1488,INAYA HOTKIT,582.4,530,455,-1
1481,INAYA ICE CREAM,441.6,400,345,0
1505,INAYA ISRAEL,857.6,780,670,0
1503,INAYA ITALY,851.2,770,665,0
1491,INAYA KING KOBRA,1612.8,1450,1260,0
1487,INAYA MASKA,608,550,475,-1
1501,INAYA MEGA STAR,716.8,650,560,0
1502,INAYA MEXICO,1350.4,1220,1055,0
1490,INAYA NUDDLE,524.8,480,410,-4
1495,INAYA PCP PRINCE,582.4,530,455,0
1507,INAYA POWER,1030.4,930,805,-1
1486,INAYA PRINT INBOX,480,440,375,0
1482,INAYA PRINT LIKE,499.2,450,390,0
1475,INAYA RANCHI,800,720,625,0
1492,INAYA REDWINE,947.2,850,740,-2
1484,INAYA REYON KASHMIRI,563.2,510,440,0
1509,INAYA ROSEGOLD,825.6,750,645,0
1506,INAYA SETELITE,908.8,820,710,0
1485,INAYA SIMMBA,729.6,660,570,0
1498,INAYA SOLID,646.4,590,505,0
1497,INAYA SONPARI,659.2,600,515,-1
1478,INAYA SUPER 30,560,550,475,0
1483,INAYA TIKTOK,591.36,540,462,0
1494,INAYA TURKEY,960,870,750,0
2507,INNAYA  LOAN DYAMIC,1827.5,910,731,4
2555,INNAYA 3 IDIOT,2475,1240,990,4
2515,INNAYA BIG PIPER,3277.5,1640,1311,4
2271,INNAYA BLUE EYES,1290,650,527,6
2517,INNAYA CIACAGO,2257.5,1130,903,3
2506,INNAYA CREDIT CARD,1345,670,538,18
2563,INNAYA CROCODILE,1425,710,570,4
2513,INNAYA FANCY ITALY (SHI),1692.5,850,677,4
2270,INNAYA FIRE,1102.5,560,441,0
2554,INNAYA FLAVOUR,1400,700,560,3
2273,INNAYA GOOGLEPAY,1317.5,660,538,11
2514,INNAYA GOOSEBERRY,2365,1180,946,4
2511,INNAYA GUDGUDI,1210,600,484,8
2269,INNAYA HOTKIT,1138,570,452,-2
2553,INNAYA LENSKART,2392.5,1200,957,6
2722,INNAYA LOAN  FULLTOSS,1213,1220,0,0
2519,INNAYA LOAN PARI,3062.5,1530,1225,4
2313,INNAYA LOAN V ZONE,2940,1470,1176,-1
2561,INNAYA MUSCUT,2687.5,1340,1075,4
2562,INNAYA PASSBOOK,3092.5,1550,1237,4
2557,INNAYA PC SOLID,1290,640,516,4
2312,INNAYA PINT GOLD,1707,850,682.5,0
2556,INNAYA PRINT DESTINY,2205,1100,882,4
2721,INNAYA PRINT PLZZA,1394,700,0,-1
2311,INNAYA PRINT SNEPCHAT,1625,800,650,-4
2559,INNAYA PRINT TEENPATTI,2150,1070,860,4
2560,INNAYA PRINT TWITTER,2340,1170,936,3
2512,INNAYA ROSE GOLD,1640,820,656,8
2508,INNAYA ROYAL STAG,1370,680,548,12
2518,INNAYA SOLID,1290,640,516,8
2272,INNAYA SONPARI,1290,650,516,-3
2510,INNAYA SUNAMI,1640,820,656,5
2509,INNAYA SUPER 30,1210,600,484,4
2288,INNAYA TELEGRAM,2037.5,1030,815,-3
2289,INNAYA YOUTUBE,1900,950,760,0
2516,INNAYA ZIL MIL,1612.5,810,645,4
2109,Instagram jimmy chu,2250,1120,900,-7
1614,ISHQ STEPS,3197,1600,1390,0
1571,Jash Baby Doll 19,448,370,0,0
1679,JASH BELLISHA,725,340,315,0
1934,Jimmy Chu 1178,2312.5,1150,925,-4
2758,JMD MIX SUIT,751.2,380,313,15
1624,JMD MIX SUITS,720,360,313,-27
1905,"JNX 1529, 12 NO",5184.38,2590,2073.75,0
1912,JNX 19 NO,6693.75,3350,2677.5,0
1899,JNX 7 NO,4462.5,2230,1785,0
1903,"JNX 827, 11 NO",3136.88,1570,1254.75,-1
2604,JNX AHD 499-1,4462.5,2230,1785,2
2605,JNX AHD 499-2,4450,2220,1780,0
2606,JNX AHD 499-3,4857.5,2430,1943,2
2607,JNX AHD 499-4,4187.5,2090,1675,2
2608,JNX AHD 499-5,4462.5,2230,1785,2
2609,JNX AHD 499-6,2495,1250,998,1
2610,JNX AHD 499-7,2350,1170,940,3
2611,JNX AHD 499-8,2757.5,1380,1103,0
1894,JNX GARIMA 02 NO,4974.38,2490,1989.75,0
1910,JNX JODHA 17 NO,6549.38,3270,2619.75,0
1911,JNX JODHA 18 NO,6641.25,3320,2656.5,0
1907,"JNX KRISHIKA, 14 NO",3346.88,1670,1338.75,0
1895,"JNX KUSUM, 3 NO",5315.63,2660,2126.25,0
1900,"JNX LADLI 182, 8 NO",5184.38,2590,2073.75,0
1897,JNX LADLI 5 NO,5184.38,2590,2073.75,0
1909,JNX LATIKA 16 NO,5053.13,2530,2021.25,0
1893,JNX LEKHA 1 NO,5053.13,2530,2021.25,0
1901,JNX MANASWINI 9 NO,5118.75,2560,2047.5,-1
1902,JNX SAMAIRA 10 NO,5053.13,2530,2021.25,-1
1896,JNX SEEMA 4 NO,4921.88,2460,1968.75,0
1898,JNX SHEENU 06 NO,4593.75,2300,1837.5,-2
1906,JNX VAISHALI 13 NO,3924.38,1960,1569.75,0
1908,JNX VEDIKA 15 NO,3661.88,1830,1464.75,-1
1674,JT ALLEVER,1212.5,610,485,0
1671,JT ANKITA,1212.5,610,485,0
1675,JT ANTIQUE,1212.5,610,485,0
1670,JT IMLI,1100,550,440,0
1882,JT MARI GOLD,1212.5,610,485,0
1673,JT MARIGOLD,1115.5,550,485,0
1672,JT NIGAAR,1035,500,450,0
1883,JT NIGAR,1125,560,450,0
1669,JT ZUBEE,1112.5,560,445,0
1803,KAHAD 957,3399.38,1700,1359.75,0
1788,KAHD 10 FROCK 452,3806.25,1910,1522.5,0
1799,KAHD 142 GARARA,3661.88,1830,1464.75,0
1793,KAHD 15 DOLL FROCK,4068.75,2040,1627.5,0
1795,KAHD 170,5381.25,2690,2152.5,0
1798,KAHD 171,3136.88,1570,1254.75,0
1797,KAHD 19 GOWN,4974.38,2490,1989.75,0
1794,KAHD 205 DF,3543.75,1770,1417.5,0
1790,KAHD 222,5381.25,2690,2152.5,0
1789,KAHD 223,4593.75,2300,1837.5,0
1809,KAHD 2295,5761.88,2880,2304.75,0
1791,KAHD 236,6168.75,3090,2467.5,0
1805,KAHD 253,4068.75,2040,1627.5,-1
1785,KAHD 264,4593.75,2300,1837.5,-1
1802,KAHD 2736,3281.25,1640,1312.5,0
1806,KAHD 28 NO,6103.13,3050,2441.25,0
1807,KAHD 29 NO,6103.13,3050,2441.25,0
1808,KAHD 30,3924.38,1970,1569.75,-1
1810,KAHD 32 NO,4790.63,2400,1916.25,0
1811,KAHD 33 NO,4186.88,2100,1674.75,0
1782,KAHD 4 NO,6023.75,3020,2409.5,0
2574,KAHD 491-09,3137.5,1570,1255,1
2566,KAHD 491-1,5382.5,2690,2153,2
2575,KAHD 491-10,4595,2300,1838,3
2576,KAHD 491-11,5120,2560,2048,0
2577,KAHD 491-12,6432.5,3220,2573,2
2578,KAHD 491-13,3807.5,1900,1523,3
2579,KAHD 491-14,3610,1800,1444,0
2580,KAHD 491-15,2612.5,1310,1045,0
2581,KAHD 491-16,3807.5,1900,1523,3
2582,KAHD 491-17,3807.5,1900,1523,1
2583,KAHD 491-18,3282.5,1640,1313,3
2584,KAHD 491-19,5762.5,2880,2305,5
2567,KAHD 491-2,5120,2560,2048,2
2585,KAHD 491-20,4595,2300,1838,1
2586,KAHD 491-21,3137.5,1570,1255,3
2587,KAHD 491-22,4450,2220,1780,3
2588,KAHD 491-23,6500,3250,2600,0
2589,KAHD 491-24,5382.5,2690,2153,1
2590,KAHD 491-25,4320,2160,1728,1
2591,KAHD 491-26,6500,3250,2600,3
2592,KAHD 491-27,6287.5,3140,2515,1
2593,KAHD 491-28,5500,2750,2200,2
2594,KAHD 491-29,4187.5,2090,1675,3
2568,KAHD 491-3,3545,1770,1418,1
2595,KAHD 491-30,4450,2220,1780,4
2596,KAHD 491-31,4187.5,2090,1675,3
2597,KAHD 491-32,3137.5,1570,1255,1
2598,KAHD 491-33,5237.5,2620,2095,3
2599,KAHD 491-34,3925,1960,1570,4
2600,KAHD 491-35,4975,2490,1990,3
2601,KAHD 491-36,6287.5,3140,2515,4
2602,KAHD 491-37,4450,2220,1780,3
2569,KAHD 491-4,2875,1440,1150,1
2570,KAHD 491-5,5382.5,2690,2153,1
2571,KAHD 491-6,6170,3080,2468,3
2572,KAHD 491-7,3400,1700,1360,0
2573,KAHD 491-8,2875,1440,1150,-1
1783,KAHD 5 NO,4449.38,2230,1779.75,0
1796,KAHD 505,4593.75,2300,1837.5,0
1792,KAHD 5128,3399.38,1700,1359.75,0
1800,KAHD 518,5381.25,2690,2152.5,0
1801,KAHD 519,4593.75,2300,1837.5,0
1784,KAHD 6NO,4449.38,2230,1779.75,0
1786,KAHD 8 NO,3806.25,1910,1522.5,0
1787,KAHD 9 NO GOWN,5761.88,2880,2304.75,0
1778,KAHD FROCK 01,5381.25,2690,2152.5,0
1804,KAHD GOWN 26 NO,5761.88,2880,2304.75,0
1780,KAHD JANNAT,3281.25,1640,1312.5,-1
1627,Karachi Queen Royal,522.1,250,227,-5
2138,KC AFEEEMA,5625,2820,2250,0
1617,KC ALMOND RICH,2978,1490,1295,0
2244,KC AVIATOR,1687.5,850,675,0
2290,KC BADSHAH BERRY,2625,1320,1050,-4
2417,KC BANARASI BITE,3288,1640,1370,2
2286,KC BATTTLE KING,5200,2600,2080,0
1872,Kc Beat Blast,5200,2600,2080,0
2226,KC BEGAM BANARASI,3787.5,1900,1515,0
1416,KC BERRY FIZZ,2080,1880,1625,0
2142,KC BITE TIME,3816,1910,1590,4
1327,KC BITEZON (PURSE),3027.2,2730,2365,0
2285,KC BLACK SKY,5200,2600,2080,0
2743,KC BLOOMBERG,3252,1630,1355,4
2390,KC BLUE BULLETE,2976,1490,1240,4
2283,KC BLUE LINE,5200,2600,2080,0
2241,KC BOOM BERRY,2625,1320,1050,-1
1324,KC BOOM BOX,2809.6,2530,2195,-1
2379,KC BREAK TIME,2628,1310,1095,3
1401,KC BRILLIANT (PURSE),2604.8,2350,2035,0
2352,KC BROWN RANG,3084,1540,1285,-1
2614,KC BUTTER BABE,3252,1630,1355,8
2195,KC CAFE MEHFIL,3900,1950,1560,0
2235,KC CELEBRATION,2000,1000,800,0
2334,KC CENTER FRUIT,2160,1080,900,0
2365,KC CHAI BREAK,2628,1310,1095,-4
2613,KC CHERRY CUITE,3228,1610,1345,8
2188,KC CHILL & THRILL,3962.5,1990,1585,0
1600,KC CHOCO KUNAFA,3438,1720,1495,0
2409,KC CHULBUL CHOWK,5220,2610,2175,-1
2328,KC CHUNKY CHAAT,2700,1350,1125,-1
2329,KC CLASSIC PHOTO,2700,1350,1125,0
2380,KC CLICK WORLD,2748,1370,1145,4
2377,KC CODE COLLECTION,2472,1240,1030,2
2549,KC COOL CRAVING,3445,1720,1378,8
1936,KC COOL SECRET,5220,2610,2170,4
1606,KC COOLZEN,4197.5,2100,1825,0
2546,KC CRAVE BITE,3687.5,1840,1475,5
2548,KC CRAZY ANDAZ,3470,1730,1388,8
1592,KC CRAZY BOUNCE,6095,3050,2650,0
1454,KC CRISPY CORNER,2425.6,2190,1895,-1
2184,KC CRISPY POPCORN,3062.5,1540,1225,-1
2745,KC CRUNCH KING,3636,1820,1515,4
2331,KC CRYSTAL CAPTURE,2700,1350,1125,0
2524,KC CUTE ANGEL,2987.5,1490,1195,7
2353,KC DANCE PARTY,3084,1540,1285,-2
2189,KC DESI HOOD,4620,2310,1925,0
2186,KC DESI SPRINKLE,3962.5,1990,1585,-1
2356,KC DIL AFREEN,1812,910,755,-2
2357,KC DIL CONNECTION,1812,910,755,-1
1406,KC DISCO FEVER,1900.8,1710,1485,0
1400,KC DOSTI FM (PURSE),2675.2,2410,2090,0
2382,KC DREAM ANGEL,2244,1120,935,2
2339,KC DREAM LIFE,3036,1520,1265,-3
2107,Kc Dream Tone,4687.5,2340,1875,0
2421,KC DRY DELIGHT,3516,1760,1465,4
2425,KC DRYY BASKET,3516,1760,1465,4
2347,KC EID MUBARAK,3588,1790,1495,-2
2350,KC EID OUTFIT,4068,2030,1695,-2
2525,KC ELEGANT LOOK,2987.5,1490,1195,12
2392,KC EYE CATCHING,3612,1810,1505,0
2411,KC FACE MASK,5220,2610,2175,1
2617,KC FAIRY CRUNCH,3384,1690,1410,8
1328,KC FARAANA (PURSE),3136,2830,2450,0
1403,KC FARIS (PURSE),2604.8,2350,2035,0
2321,KC FASHION CORNER,3900,1950,1625,-1
2354,KC FASHION WORLD,3084,1540,1285,-2
2410,KC FILMY FLASH,5400,2700,2250,2
2106,Kc Fire Masala,4687.5,2340,1875,0
1604,KC FIRE RUNNER,4750,2380,2065,-1
2108,Kc Fire slice,4587.5,2290,1835,0
2185,KC FIRST LOVE,4112.5,2060,1645,0
1581,KC FIRST RAY,4117,2060,1790,0
1457,KC FLAMINGO,1440,1300,1125,0
2225,KC FLASHY FIZA,4375,2190,1750,0
1456,KC FLAVOUR BOX,2092.8,1890,1635,0
1534,KC FLOORA,2169.6,1960,1695,0
2448,KC FLORA FIT,2112,1060,880,4
1866,KC FOODIE NATION,2150,1070,860,0
2393,KC FOOT BALL,3492,1750,1455,4
1595,KC FREE FLOW,2760,1380,1200,-1
2249,KC FRESH STYLE,5087.5,2550,2035,0
2394,KC FRESH WATER,3492,1750,1455,3
1585,KC FULL MASTI,3117,1560,1355,0
2616,KC FULL SWAAD,3871.2,1940,1613,7
2619,KC FUN CANDY,3144,1570,1310,8
2384,KC FUN MUNCH,3564,1780,1485,4
2242,KC FUSION BITE,1687.5,850,675,0
1862,KC GAPPE SHAPPE,3237.5,1620,1295,-1
2327,KC GIFT CARD,3156,1580,1315,0
1609,KC GLAM LOOK,3657,1830,1590,-2
1410,KC GLOW ZONE,1900.8,1710,1485,0
1405,KC GOLDEN BEATS,1900.8,1710,1485,0
1871,KC GOLDEN CRUNCH,5200,2600,2080,0
1590,KC GOLDEN LAMHE,4822,2470,2140,0
2277,KC GOLDEN LOTUS,2575,1290,1030,-2
2366,KC GOLDEN SUNSET,2628,1310,1095,-3
2472,KC GOLDEN UDAAN,2628,1310,1095,4
1608,KC GOOGLE GEMINI,4117,2060,1790,0
2385,KC GULAABI SMILE,5628,2810,2345,2
1587,KC GULABI KHWAAB,3565,1790,1550,0
2228,KC GULBAHAR GRACE,4875,2440,1950,0
2224,KC GULNAAR GLOW,4375,2190,1750,0
2190,KC GULNAR QUEEN,4400,2200,1760,-1
1535,KC GULZAR CITY,2760,1380,1200,0
1453,KC GULZAR E DIL (PURSE),3027.2,2730,2365,0
2473,KC HAPPY ENTRY,2628,1310,1095,4
2139,KC HAPPY RAINBOW,5487.5,2750,2195,0
2348,KC HARD ROCK,4308,2150,1795,-1
2176,KC HASEEN WADI,4237.5,2120,1695,0
2182,KC HASHMUKH,4175,2090,1670,0
2615,KC HIT DESIGN,3300,1650,1375,8
2423,KC HOLIDAY,3588,1790,1495,4
1597,KC HONEY BAR,3387.5,1700,1355,0
2550,KC HONEY BLUSH,3445,1720,1378,8
2389,KC ICE RIVER,5220,2610,2175,1
2316,KC IPL HISTORY,4200,2100,1750,-1
2479,KC ISHQ ASHIQI,4788,2390,1995,0
2523,KC JANNAT DULHAN,3125,1560,1250,12
1537,KC JELLY BELLY,4876,2440,2120,0
1455,KC JELLY JOY,2092.8,1890,1635,0
2234,KC JHAKAAS MAMRA,3525,1770,1410,-1
2470,KC KITE KINGDOM,2628,1310,1095,3
2612,KC KITTY CRUNCH,3228,1610,1345,8
2227,KC KIWI COOLER,3787.5,1900,1515,0
1599,KC LONDON CAKE,3266,1640,1420,0
2741,KC LONDON MUSIC,2928,1460,1220,4
2480,KC LOVE BOUTIQUE,4788,2390,1995,2
1408,KC LUCKY BRAND,1830.4,1650,1430,0
2240,KC LYCHEE LOVE,3100,1550,1240,-4
1404,KC MADRAS CAFE (PURSE),2604.8,2350,2035,0
1869,KC MAGIC BLOCK,4987.5,2490,1995,0
1886,KC MALKIYAT,4987.5,2490,1995,-1
2175,KC MANCHALA,4750,2380,1900,0
2337,KC MANNIKA,2160,1080,900,-4
2198,KC MARSHMALLOW,3712.5,1860,1485,0
1865,KC MARUFA,3625,1810,1450,0
2764,KC MASHMOOL,1440,750,600,1
2552,KC MAST MALAI,3445,1720,1378,6
1409,KC MAST MAULA,1792,1620,1400,0
1407,KC MASTI ZONE,1900.8,1710,1485,0
1601,KC MAX POWER,2047,1030,890,-1
2744,KC MEERAT,3252,1630,1355,4
2326,KC MEGA STAR,3156,1580,1315,0
2739,KC MEHAR GLOW,2928,1460,1220,4
2159,KC MEHRZARA,3737.5,1870,1495,0
2545,KC MELTED HEART,3687.5,1840,1475,1
2196,KC MILLIONAIR,3900,1950,1560,0
2280,KC MINI MAJESTY,4112.5,2060,1645,0
1598,KC MINT MAX,3565,1790,1550,0
2520,KC MITHAI MAGIC,3125,1560,1250,12
2418,KC MODE MAGIC,2880,1440,1200,3
2420,KC MORDENITY,2832,1420,1180,2
1602,KC MORNING TUNE,2047,1030,890,0
2330,KC MOUNTAIN FERRY,2700,1350,1125,0
1885,KC NAAL NACHNA,4750,2370,1900,0
2383,KC NAGIS KALI,3564,1780,1485,4
2172,KC NARGIS KALI,3712.5,1860,1485,0
2237,KC NAWABI WEAR,5437.5,2720,2175,0
2324,KC NIMBU JALJEERA,2628,1310,1095,-1
2276,KC NIMBU NASHA,4450,2230,1780,0
2717,KC NIMBUZA,3870,1935,0,-1
2422,KC NINE COLORS,3588,1790,1495,4
1402,KC NOBLE LIGHT (PURSE),2604.8,2350,2035,0
2281,KC NOOR E ROSE,4375,2190,1750,-1
2521,KC NOOR WEDDING,3125,1560,1250,12
2349,KC OLDEST CAVES,4308,2150,1795,0
2426,KC OREO OVERLOAD,3588,1790,1495,1
2391,KC OSCAR,3612,1810,1505,0
1532,KC PANJAB DI HEER,3392,3060,2650,0
2738,KC PARIS MELODY,2928,1460,1220,4
2335,KC PATANG POINT,2628,1310,1095,-5
1586,KC PATIYALA FIRE,3565,1790,1550,0
2343,KC PATIYALA ROYAL,3948,1970,1645,0
1524,KC PATIYALAN QUEEN,3392,3060,2650,0
1411,KC PEANUT CRUNCH,2092.8,1890,1635,0
2459,KC PICK PALACE,5220,2610,0,2
2387,KC PICTURE PALACE,5220,2610,2175,0
2342,KC PINK BEAUTY,3948,1970,1645,0
2618,KC PINKY POP,3384,1690,1410,7
1596,KC PIZOOKIE,3174,1590,1380,0
1615,KC POKEMON,3335,1670,1450,0
2282,KC POPULAR GIRL,4375,2190,1750,-1
2181,KC PREM ROG,4175,2090,1670,0
1582,KC PRIME POINT,3197,1600,1390,0
2232,KC PRIME POP,3050,1530,1220,0
2344,KC PRIME RIDER,3948,1970,1645,-3
2419,KC PURE SHINE,2880,1440,1200,4
1538,KC PYARI NAZAR,2713.6,2450,2120,0
2333,KC QUEEN EMPIRE,4680,2340,1950,-4
2230,KC RABIYA NOOR,3737.5,1870,1495,0
2413,KC RAJWADI SUPARI,4404,2200,1835,4
2718,KC RANGOLI HOUSE,2628,1320,1095,1
2414,KC RASILI MIX,4308,2150,1795,3
2364,KC REAL FOOD,3156,1580,1315,0
2325,KC REAL STORY,3156,1580,1315,-2
2238,KC RED HEART,4987.5,2500,1995,0
1579,KC REGAL BLOOM,5625,2820,2250,0
2740,KC RIZWANI,2928,1460,1220,4
2143,KC ROLL NATION,3918.75,2620,2090,0
1611,KC ROSEWOOD,3335,1670,1450,0
1326,KC ROYAL BREEZE,2730,2470,2140,0
2140,KC ROYAL FLEX,5487.5,2750,2195,0
1540,KC ROYAL KUDI,1088,980,850,0
1887,KC ROYAL MARINA,4750,2370,1900,0
2194,KC ROYAL ROAST,3475,1740,1390,0
2233,KC ROYAL ZEBA,3450,1730,1380,0
2178,KC SAAHI GULSHAN,0,2550,0,0
2193,KC SAAHI-GULSHAN,3712.5,1860,1485,2
2187,KC SAFFRON BEAUTY,5725,2870,2290,0
1536,KC SALMA,1536,1390,1200,0
1467,KC SAROOR,4925,2470,1970,0
2284,KC SEASON RUSH,5200,2600,2080,0
1523,KC SECRETE PLACES,1088,980,850,0
1867,KC SHAHANA,4987.5,2490,1995,-1
2386,KC SHAHI FALOODA,5628,2810,2345,0
1329,KC SHAHI MITHAAS,2739.2,2470,2140,0
2378,KC SHAMILA,2700,1350,1125,2
1414,KC SHAN E FESTIVE,1126.4,1020,880,0
1618,KC SHEESHAM,3335,1670,1450,0
1591,KC SHINE STAR,5945.5,2980,2585,0
2381,KC SHOT STORY,2748,1370,1145,4
1863,KC SILK STORY,3050,1520,1220,0
2336,KC SKY FIGHTER,2628,1310,1095,-2
2322,KC SKY KITE,4068,2030,1695,-1
1580,KC SKY RICE,4117,2060,1790,0
1572,Kc Sky Rocket,3117,1560,1355,0
2358,KC SMART CHOICE,2160,1080,900,-2
2449,KC SMART GALLERY,2268,1130,945,4
1605,KC SMART KEY,4750,2380,2065,0
1868,KC SMILE MISSION,4987.5,2490,1995,0
1884,KC SOFT MODE,4750,2370,1900,0
1593,KC SOFT SHINE,2978,1490,1295,-1
1415,KC SOFT SILK,1075.2,970,840,-1
2174,KC SOLO STAR,3475,1740,1390,0
2388,KC SOLUTION,3540,1770,1475,3
2341,KC SPICE MASTER,3792,1900,1580,-1
1870,KC SPICY CRUNCHY,4237.5,2120,1695,0
2412,KC STAR CROWN,4020,2010,1675,3
2243,KC STREET FOOD,1620,810,675,0
1620,KC STREET TITANS,2369,1190,1030,0
2547,KC STYLE STORY,3312.5,1660,1325,5
2173,KC STYLE WORLD,4112.5,2060,1645,-1
2141,KC STYLEZA,0,2600,2490,0
1531,KC STYLISH BEAUTY,3392,3060,2650,0
1413,KC SUGANDHA,1075.2,970,840,0
2239,KC SUGAR ROSE,4562.5,2280,1825,-2
1589,KC SUHANE LAMHE,4922,2470,2140,0
1603,KC SUNHINE SMILE,3565,1790,1550,0
2543,KC SUNNY SIDE,3237.5,1620,1295,8
1607,KC SUNSET BEACH,4680,2340,2035,0
1583,KC SUPER CHARGE,3197,1600,1390,0
2279,KC SUPER CHARGER,5775,2890,2310,0
2319,KC SUPER KINGS,3408,1700,1420,-1
2551,KC SUPERB ZONE,3445,1720,1378,8
2424,KC SURPEISE MAGIC,3516,1760,1465,3
2278,KC SWAD QUEEN,5225,2620,2090,-1
2482,KC SWEET ANJEER,3816,1910,1590,4
2363,KC SWEET BASKET,2520,1260,1050,-1
1458,KC SWEET CRUSH,1529.6,1380,1195,-1
2522,KC SWEET SANSAR,3125,1560,1250,12
1864,KC SWEET SPIRAL,3362.5,1680,1345,-1
2544,KC SWEET STYLE,3237.5,1620,1295,7
2471,KC SWEET WELCOME,2628,1310,1095,4
2340,KC SWEET WISH,3792,1900,1580,-2
1412,KC SWISS ROLL,2092.8,1890,1635,0
2236,KC TAJ RANI,4987.5,2500,1995,0
2229,KC TAJ TWIST (PURSE),5400,2600,2080,0
2351,KC TEMPORARY,3588,1790,1495,0
1612,KC THODA HATKE,3358,1680,1460,-1
1594,KC TIME KILLER,2760,1380,1200,0
2274,KC TITAN PLAY,4112.5,2060,1645,0
2620,KC TOFFEE TALES,3144,1570,1310,8
2318,KC UBER,3360,1680,1400,-3
2395,KC UNDER WAY,3540,1770,1475,1
2317,KC WINDOWS-II,3816,1910,1590,-2
2332,KC WONDER WING,2008.8,1000,837,-1
2481,KC YEH DOSTI,3816,1910,1590,4
1616,KC ZAIKA E MUMBAI,3358,1680,1460,0
2163,KC ZAIKA TREAT,3712.5,1860,1485,-1
2183,KC ZAREEN MAHAL,2050,1030,820,-4
1873,KC ZARFINA,1825,910,730,0
2275,KC ZEBA BEGUM,4450,2230,1780,0
2231,KC ZEENAT ZEST,3737.5,1870,1495,0
2416,KC ZESTO MASTI,3288,1640,1370,3
2158,KC ZILL E NOOR,3737.5,1870,1495,0
1874,Kc Zohairaa,1825,910,730,0
2742,KC ZOYA GLAM,2628,1310,1095,4
2355,KC ZUNAIRA JAHAN,1812,910,755,-3
1621,KCLOVE MASALA,2369,1190,1030,0
2812,KF AFREEN,705,570,470,0
1781,KHAD 220,4331.25,2170,1732.5,0
1875,Kkc  REHANA,612.5,310,245,0
1678,KKC AASMA,563.5,290,245,0
2171,KKC AFSARA,612.5,310,245,-8
1548,KKC ANDAZ,326.4,300,255,0
1559,Kkc Fida,560,280,260,0
2066,Kkc Gulnaz,600,300,255,-1
2766,KKC JANNAT,936,450,390,18
2762,KKC MASOOM,636,300,265,115
1567,KKC MASUM,600,300,255,-5
1677,KKC REHANA,563.5,290,245,0
1547,KKC SEHNAZ,294.4,270,230,0
1560,Kkc Shehnaz,300.8,270,235,0
2251,KOMAL,312.5,1580,1265,0
2811,KROSS MOTI,825,660,550,0
2810,KROSS ZARKAN,975,780,650,0
2112,KT NOOR,600,300,255,-3
1626,Kudi Patiyala Royal,402.5,200,175,-38
2084,Lacha Sony 2 No,14950,7480,5980,0
2710,LACHA SONY 223-4,16000,7990,6660,0
2197,LAST TIME,3200,1600,1280,0
2753,LC BHURJ KHALIFA,1500,750,625,4
2260,LC HEER MAHAL,1375,690,550,-1
2751,LC INAYA,1488,750,620,4
2259,LC SAMSUNG,1487.5,750,595,0
2752,LC SEEMA,1500,750,625,3
2719,LC TAJ MAHAL,1613,800,645,0
1708,LEHNGA,0,0,0,0
1521,MADHAV,720,400,342,-50
2250,MAHARANI,3575,1790,1430,0
1881,MALAI COTTON,1062.5,530,425,-1
1518,MASTI AFREEN,1000,500,450,1
1520,MASTI KALASH,800,400,340,35
2157,MASTI PANNA,800,400,365,-7
1944,MASTI RANGAT,1000,500,430,-4
1939,MASTI REYON KUDI,1000,500,455,-3
1519,MASTI ZARA,425,400,340,43
1365,MC FEMINA,2432,2190,1900,0
1362,MC GULABO,1248,1130,975,0
1364,MC HI CHOICE,1510.4,1360,1180,0
1363,MC MAHI,1644.8,1480,1285,0
1366,MC RIMZIM,2163.2,1950,1690,0
2659,MKTAHD 2362-1,1368,680,570,10
2668,MKTAHD 2362-10,1161.6,580,484,1
2669,MKTAHD 2362-11,672,340,280,2
2670,MKTAHD 2362-12,1392,700,580,3
2671,MKTAHD 2362-13,2270.4,1140,946,2
2672,MKTAHD 2362-14,1884,940,785,6
2673,MKTAHD 2362-15,1987.2,990,828,3
2674,MKTAHD 2362-16,2220,1110,925,1
2675,MKTAHD 2362-17,2088,1040,870,2
2660,MKTAHD 2362-2,1627.2,810,678,4
2661,MKTAHD 2362-3,1392,700,580,0
2662,MKTAHD 2362-4,1212,610,505,0
2663,MKTAHD 2362-5,645.6,320,269,4
2664,MKTAHD 2362-6,1420.8,710,592,4
2665,MKTAHD 2362-7,1444.8,720,602,2
2666,MKTAHD 2362-8,1627.2,810,678,3
2667,MKTAHD 2362-9,1111.2,560,463,0
2677,MKTAHD 2363-1,967.5,480,387,2
2686,MKTAHD 2363-10,592.5,300,237,4
2687,MKTAHD 2363-11,620,310,348,3
2688,MKTAHD 2363-12,725,360,290,12
2689,MKTAHD 2363-13,2285,1140,914,2
2690,MKTAHD 2363-14,700,350,280,5
2691,MKTAHD 2363-15,1317.5,660,527,2
2692,MKTAHD 2363-16,2177,1090,871,3
2693,MKTAHD 2363-17,1827.5,910,731,4
2694,MKTAHD 2363-18,2097.5,1050,839,4
2695,MKTAHD 2363-19,645,320,258,4
2678,MKTAHD 2363-2,1425,710,570,4
2696,MKTAHD 2363-20,672.5,340,269,10
2697,MKTAHD 2363-21,1075,540,430,6
2679,MKTAHD 2363-3,2552.5,1280,1021,3
2680,MKTAHD 2363-4,1775,890,710,3
2681,MKTAHD 2363-5,1560,780,624,11
2682,MKTAHD 2363-6,1587.5,790,635,3
2683,MKTAHD 2363-7,1480,740,592,4
2684,MKTAHD 2363-8,485,240,194,7
2685,MKTAHD 2363-9,780,390,312,4
2725,MOHAK AHD 215-1,2137,1070,855,-1
2726,MOHAK AHD 215-2,3212,1610,1285,0
2727,MOHAK AHD 215-3,4180,2090,1667,-1
2728,MOHAK AHD 215-4,2890,1450,1156,-2
2729,MOHAK AHD 215-5,3360,1680,1344,0
2730,MOHAK AHD 215-6,3750,1880,1500,-1
2731,MOHAK AHD 215-7,3750,1880,1500,-1
2732,MOHAK AHD 215-8,4556,2280,1823,-2
2733,MOHAK AHD 215-9,4825,2420,1930,-1
2214,MT ALIYA,1200,600,480,-4
2215,MT AYAT,1300,650,520,-1
1422,MUSIC ANEESA,2816,2530,2200,0
1427,MUSIC DHARA,1945.6,1760,1520,0
1423,MUSIC HANIFA,2048,1850,1600,0
1428,MUSIC INSTAGRAM,1779.2,1600,1390,0
1421,MUSIC KAJAL,1952,1760,1525,0
1419,MUSIC KAMLI,1696,1530,1325,0
1420,MUSIC KINGFISHER,1760,1590,1375,0
1425,MUSIC RAJHANS,1952,1760,1525,0
1426,MUSIC ROSE,1952,1760,1525,0
1418,MUSIC SONET,1868.8,1690,1460,0
1417,MUSIC STAR,1587.2,1430,1240,0
1424,MUSIC TULSI,2112,1900,1650,0
1432,N EVA,1152,1040,900,0
1431,N HIGHWAY,1548.8,1400,1210,-1
1435,N HUBBA,691.2,630,540,0
1430,N LIZAT,1152,1040,900,-1
1434,N MUSKAN,1689.6,1520,1320,0
1433,N NIRALI,960,870,750,0
1429,N TUFANI,1561.6,1410,1220,1
2789,NIYYAH 10471,5436,2720,2265,4
2791,NIYYAH 10483,4200,2100,1750,4
2790,NIYYAH 6419,4116,2060,1715,4
2793,NIYYAH 8543,3504,1750,1460,3
2800,NIYYAH 8548,3684,1840,1535,4
2795,NIYYAH 8867,2544,1270,1060,4
2792,NIYYAH 8868,2544,1270,1060,3
2797,NIYYAH 8883,4128,2060,1720,4
2796,NIYYAH 8885,3600,1800,1500,4
2799,NIYYAH 8888,3396,1700,1415,3
2798,NIYYAH 8896,2712,1360,1130,4
2794,NIYYAH 8909,2028,1010,845,3
1550,NONSTOP,588.8,530,460,0
2476,NYN D.NO.1085,3360,1680,1400,1
2478,NYN D.NO.1087,3360,1680,1400,4
2477,NYN D.NO.1088,3360,1680,1400,3
2475,NYN D.NO.1089,3360,1680,1400,3
2435,NYN D.NO.1161,1723.2,860,718,1
2434,NYN D.NO.1274,1723.2,860,718,1
2536,NYN FIR 1281,1687.5,840,675,4
2529,NYN FIR 1282,1687.5,840,675,8
2531,NYN FIR 1318,1687.5,840,675,4
2527,NYN FIR 1323,1687.5,840,675,4
2542,NYN FIR 1324,1687.5,840,675,3
2526,NYN FIR ARUNDHATI,1687.5,840,675,3
2530,NYN FIR DHONI,1762.5,880,705,4
2528,NYN FIR KISHAN,1762.5,880,705,4
2537,NYN FIR SWITZERLAND,1687.5,840,675,4
2429,NYN FIRDOS ARUNDHATI,1620,810,675,-1
2427,NYN FIRDOS D.NO.1227,1620,810,675,0
2428,NYN FIRDOS DRISHTI,1620,810,675,3
2447,NYN FIRDOS MAMTA,1404,700,585,4
2534,NYN FOX 1126,2200,1100,880,4
2533,NYN FOX 1127,1950,970,780,4
2532,NYN FOX 1197,1975,990,790,4
2433,NYN FOX APSA,1747.2,870,728,3
2430,NYN FOX D.NO.1200,1747.2,870,728,4
2535,NYN FOX ESHITA,1812.5,910,725,4
2538,NYN JAM 1144,1737.5,870,695,4
2539,NYN JAM 1270,1737.5,870,695,4
2541,NYN JAM 1324,1712.5,860,685,4
2446,NYN JAM FIGHTER,1404,700,585,3
2540,NYN JAM MOON STAR,1712.5,860,685,4
2445,NYN JAM RAZIA,1404,700,585,4
2761,NYN MIX SET,1296,650,540,239
2432,NYN PAYTM,1747.2,870,728,4
2431,NYN SECRET SUPER STAR,1747.2,870,728,4
2203,OI FREE HAND,1100,550,440,-3
2202,OI GODFATHER,1100,550,440,-1
2061,OM 123,1020,510,440,0
1380,OM 786,460.8,420,360,0
2218,OM BOOK MY SHOW,2250,1130,900,-1
1568,Om Crystal,650,550,0,0
2077,Om Dolphine,1062.5,530,425,0
1381,OM DULHAN SAHIBA,563.2,510,440,-3
2254,OM GEMINI,2250,1130,900,-5
1528,OM GIRLFRIEND,931.5,470,405,0
2219,OM HIMANSHI,1212.5,610,485,-1
2450,OM IBIZAA,2568,1280,1070,2
2223,OM LEPAKSHI,2187.5,1100,875,0
2221,OM LOUIS,2387.5,1200,955,0
2220,OM RAS BARI,1237.5,620,495,0
1386,OM ROLEX,672,610,525,0
2217,OM ROSA REGALE,1500,750,600,0
1382,OM SALI SAHIBA,486.4,440,380,0
1622,OM SHATABDI,1069,540,465,0
2809,OM SONA MOHAR,705,570,470,0
1379,OM SWIGGY,460.8,420,360,0
2216,OM WHITE ROSE,1237.5,620,495,0
2065,OM YAGHMIN,860,430,0,0
1383,OM YASHMIN,880,440,375,-8
2072,Om Yes Boss,1000,500,0,-1
2222,OM ZAMEENA,2250,1130,900,0
2086,Orchid,977.5,490,425,0
2310,Oyal Brand Haseena,500,250,0,-7
2252,PANI PURI,3575,1790,1430,-5
2248,PC COCKTAIL,1425,700,570,-4
2558,PC FLAVOUR,1400,700,560,8
2754,PC GALAXY,1236,620,515,4
2757,PC SAIRA,1024.8,510,427,6
1459,PLAZA 1 WINE,3225,2580,2150,-1
1460,PLAZA 2 PEPLON,4275,3450,2850,0
1461,PLAZA 3 DFILL TAIL,5325,4260,3550,-1
1462,PLAZA 4 ZARDOSI,3975,3180,2650,0
1463,PLAZA 5 ZARTON,4725,3780,3150,0
1464,PLAZA 6 PLAZO,3675,2700,2450,0
2768,PT JANVI,1176,590,490,12
1729,RAHD 018,7460,3730,2989.5,0
1728,RAHD 02,6287,3150,2514.75,-2
1731,RAHD 1337,4528,2270,1811.25,0
1732,RAHD 1394,4450,2230,1750,0
1733,RAHD 1398,6366,3190,2540.25,0
1727,RAHD 330,6366,3190,2546.25,0
1730,RAHD 412,6366,3190,2546.25,0
1725,RAHD 477,6366,3190,2540.25,0
1722,RAHD DF,4450,2230,1780,0
1724,RAHD DF 358,6287,3150,2514.75,0
1734,RAHD LACHA,16800,8400,6720,0
1723,RAHD ROSHNI,4607,2300,1842.75,0
1726,RAHD YASHI,6497,3250,2598.75,0
1639,RC AVANTIKA,5188,2590,2075,-2
1718,RC AZHAR,5644,2830,2257.5,-1
1719,RC CARGO,5500,2750,2200,0
1636,RC DOLLAR,4125,2060,1650,0
1721,RC EARTH,5106,2550,2042.25,-1
1641,RC FZ,4738,2370,1895,-1
1635,RC GABANA,4375,2190,1750,0
1644,RC INSTA MART,4063,3220,2575,-1
1637,RC JAGRUTI,4963,2480,1985,0
1717,RC OG,5760,2880,2304.75,-1
1716,RC OVER,5474,2740,2189.25,-1
1720,RC PULARI,4712,2360,1884.75,0
1634,RC ROHINI,5438,2720,2175,0
1638,RC RUKAN,5163,2580,2065,0
1640,RC SETTING,4738,2370,1895,0
1633,RC SHIFA,5488,2750,2195,0
1642,RC SUPPORT,4838,2420,1935,0
1631,RC TARANG,4063,2040,1625,0
1643,RC TUMKAR,6275,3140,2510,0
1632,RC WELL,4375,2190,1750,0
2748,RDX 10694,2952,1480,1230,4
2749,RDX 10697,2952,1480,1230,4
2750,RDX 10698,2952,1480,1230,4
2756,RDX READYMATE,2952,1480,1230,3
2720,RDX SVT FENDI BITS,3075,1550,0,-6
2735,REYON KUDI MASTI,1000,500,455,-1
1735,RG 01 FROCK,3925,1970,1569.7,-1
1736,RG 02 FROCK,4150.3,2230,1779.75,0
1737,RG 03 FROCK,3018.7,1510,1207.5,0
1738,RG 04 LACHA,3543,1780,1417.5,0
1739,RG 05 LACHA,3481.3,1740,1391.25,0
1774,RG 06 GARARA,4134.3,2070,1653.7,0
1756,RG DF 01,5775,2890,2310,0
1757,RG DF 02,6378.75,3190,2551.5,0
1758,RG DF 03,6431.2,3220,2572.5,0
1759,RG DF 04,6076,3040,2430.75,0
1768,RG DF 1 NO,9250,4630,3699.3,0
1769,RG DF 2,9072,4540,3628.5,0
1770,RG DF 3,7759,3880,3103.4,0
1771,RG DF 4,8703,4350,3481,0
1772,RG DF 5,7744,3880,3097.5,0
1697,RG DF NO.1,8229.38,4120,3291.75,0
1698,RG DF NO.2,8071.88,4040,3228.75,0
1699,RG DF NO.3,6903.75,3450,2761.5,0
1700,RG DF NO.4,7743.75,3870,3097.5,0
1701,RG DF NO.5,6890.63,3450,2756.25,0
1742,RG FROCK 008,4029.2,2020,1611.75,0
1743,RG FROCK 07,3924.3,1970,1569.75,0
1744,RG FROCK 08,4974.3,2490,1989.75,0
1746,RG FROCK 09,3543.7,1780,1417.5,-2
1747,RG FROCK 10,2953,1480,1181.25,0
1749,RG FROCK 11,3543.78,1780,1417.5,-1
1751,RG FROCK 12,4100,2050,1638,0
1760,RG FROCK 13,3741,1870,1496.25,0
1761,RG FROCK 14,4069,2040,1627.5,0
1762,RG FROCK 15,3807,1900,1522.5,0
1766,RG FROCK 16,2954,1480,1181.25,0
1705,RG FROCK NO.1,3741,1870,1496.25,0
1706,RG FROCK NO.2,4069,2040,1627.5,-3
1707,RG FROCK NO.3,3807,1900,1522.5,0
1713,RG FROCK NO.7,2954,1480,1181.25,-1
1740,RG GOWN 01,4134.3,2070,1653.75,0
1753,RG GOWN 02,4711.8,2360,1884.75,0
1752,RG HALDI RP,3136.8,1570,1254.75,-3
1741,RG LACHA 02,3215.66,1610,1286.25,0
1745,RG LACHA 03,3740.66,1870,1496.25,0
1748,RG LACHA 04,5184.3,2600,2073.75,-2
1750,RG LACHA 05,5250,2625,2100,0
1754,RG LACHA 06,4449.3,2230,1779.75,0
1755,RG LACHA 07,3609.3,1810,1443.75,0
1763,RG LACHA 08,4594,2300,1837.5,0
1764,RG LACHA 09,3925,1970,1569.75,0
1765,RG LACHA 10,3610,1810,1443.75,0
1710,RG LEHNGA NO.4,4594,2300,1837.75,0
1712,RG LEHNGA NO.6,3610,1810,1443.75,0
1711,RG LEHNGHA NO.5,3925,1970,1569.75,0
1714,RG PAPELON,3085,1550,1233.75,0
1767,RG PEPLOM,3085,1550,1237.75,0
2763,RINGTONE (LADKI BAHEN),732,340,305,49
2111,Rosy Kalachashma Chandrmukhi,762.5,350,305,-1
2265,RR DONALT,782.5,400,313,-1
2268,RR HALDI,770,390,308,0
2267,RR NOKIA,770,390,308,0
2266,RR Raftaar,782.5,400,313,-2
1854,RS 1 ROSE GOLD DESI,2212.5,1110,885,0
1855,RS 2 ROSE JAAN NEW,2937.5,1470,1175,0
1856,RS 3 KUM WALA DESIGN,2012.5,1010,805,-2
1857,RS 4 SHIMAR ZOR,2825,1410,1130,0
1858,RS 5 FOX,2550,1270,1020,-2
1339,RS CHANDANIYA,1856,1670,1450,0
1341,RS CHIFFON NEW,1472,1330,1150,0
1335,RS CRUNCHY DAMAN DPT,1094.4,990,855,0
1334,RS CRUNCHY NECK,1094.4,990,855,0
1337,RS CRUNCHY NEW ZARI,1440,1300,1125,0
1340,RS FLUE HEAVY SLIVES,1555.2,1400,1215,0
1336,RS HO,1401.6,1270,1095,0
1330,RS JORJET 1,1120,1010,875,0
1343,RS JORJET FOX,1273.6,1150,995,0
1338,RS MOSS DESIGNER,1856,1670,1450,0
1342,RS SATIN SILK,1331.2,1200,1040,0
1333,RS STAR PANNEL WORK,844.8,760,660,-3
1332,RS TROUSER,704,640,550,0
1628,Rumaisha Royal,522.1,250,227,-27
2068,Rumal Sultan,100,50,40.5,-7
2076,Russian Plazo Mix,4087.5,2040,1635,-4
1561,S JYOTI,720,360,340,-8
2346,S.PARI 0829,2820,1530,1275,-9
1935,Sabieela Trouser,1575,1250,0,0
1395,SBC 1099,1568,1420,1225,0
1391,SBC 3829,1766.4,1590,1380,0
1393,SBC 3841,1766.4,1590,1380,0
1394,SBC 4227,1907.2,1720,1490,0
1392,SBC 4302,1766.4,1590,1380,0
1390,SBC 4365,1766.4,1590,1380,0
1389,Sbc 4510,1907.2,1720,1490,-1
2345,SD S.NO. 1621,2820,1410,1175,-7
2622,SG AADAB,2709.6,1350,1129,6
1300,SG CUTIE PIE,1175,1100,940,-3
1562,SG GAZAL,768,700,600,0
1889,SG GHAZAL,1500,750,600,-1
1349,SG HOUSEFULL,876.8,790,685,-2
1350,SG JASSI,838.4,760,655,0
1305,SG JUSTRELAX,650,600,520,0
1348,SG KAJAL,800,720,625,0
1346,SG KANTARA,908.8,820,710,-1
1302,SG KIANA,2088,1050,870,7
1351,SG KOHINOOR,876.8,790,685,0
2621,SG LAADO,2515.2,1260,1048,8
2069,Sg Lotus,900,800,0,0
1345,SG RANGOLI,800,720,625,-1
1303,SG SAHIBA,1643.75,1520,1315,0
1301,SG SUBHANALLAH,2827.5,1450,1178,3
1347,SG SUHANA,800,720,625,-1
1352,SG ZOOM,876.8,790,685,0
2085,Shabana,977.5,490,425,0
1573,Shawl,0,40,0,-14
1575,Shawl 150,0,150,0,-2
1574,Shawl 80,0,80,0,0
1938,SHAWL DHADKAN,0,40,0,0
1472,Shivram 7 Star,267.52,240,209,0
1470,Shivram Chameli,198.4,180,155,0
1474,Shivram Deo,204.8,190,160,-1
1471,Shivram Jaanu,198.4,180,155,0
1473,Shivram Satmola,281.6,260,220,-2
2256,SHREE BOLLYWOOD,2750,1380,1100,-1
2257,SHREE EVA,2300,1150,920,-4
2255,SHREE NOORI,2675,1340,1070,0
2258,SHREE PAN PARAG,2675,1340,1070,0
1522,SIYA SCARF,260,130,115,51
1578,SIYA WORK SCARF,260,140,0,-2
1387,SNAPCHAT,217.6,200,170,-1
1565,Snt Barkha,5888,530,0,0
2110,Snt Begam,1437.5,700,575,-4
2191,SNT BHAVIKA,1562.5,790,625,0
2201,SNT COPPER,1125,570,450,-2
2192,SNT CRUNCHI,2687.5,1100,1075,0
2179,SNT CRUNCY,2300,1150,0,-1
2071,Snt Fatima,1320,660,0,0
2059,SNT JUPITER,1120,560,0,0
2199,SNT KOYAL,26687.5,1350,1075,0
2747,SNT LEMON,2700,1350,1125,4
1888,SNT MADHAVI,1612.5,780,645,4
1544,SNT MADHURI,1500,750,625,-29
2359,SNT MADHVI,1548,770,645,-8
2457,SNT MASURI,2700,1350,1125,4
1610,SNT MISS WORLD,2139,1070,930,0
1385,SNT NAGMA,608,550,475,-5
1384,SNT PP DIAMOND,441.6,400,345,-11
2456,SNT RINKU,2700,1350,1125,4
1525,SNT ROMANCE,588.8,530,460,0
2458,SNT RUSSIAN PLAZO,2700,1350,1125,0
2455,SNT SABNAM,2700,1350,1125,1
2200,SNT SILVER,1125,570,450,0
1388,SNT SONIYA,524.8,480,410,-2
2746,SNT SPRITE,2700,1350,1125,4
2060,SNT SUIT,544,490,0,0
1819,SONY 1213 C,3575,1790,1430,0
1512,SONY 1344,2630.4,2370,2055,-1
1816,SONY 202 DEV,5125,2570,2050,0
2711,SONY 223-1,5784,2890,0,-3
2712,SONY 223-2,7572,3790,0,-3
2713,SONY 223-3,6324,3170,2635,-5
2708,SONY 223-8,6180,3090,0,-1
2709,SONY 223-9,5172,2590,0,-3
1831,SONY 4 NO ALINA,6512.5,3260,2605,0
1527,SONY 7 NO,0,7500,0,0
1814,SONY 775,4525,2270,1810,0
1526,SONY 9 NO,0,0,0,0
1821,SONY 903 K,4600,2300,1840,0
1533,SONY ALINA  s 89,1836.8,1660,1435,0
1829,SONY ALINA 2 NO,5725,2870,2290,0
1396,SONY ALINA 4 NO,2764.8,2490,2160,0
1397,SONY ALINA 5 NO,2496,2250,1950,-1
1820,SONY AR 138,4975,2490,1990,0
1824,SONY AR 86,5650,2830,2260,0
1515,SONY ARVIND 67,2361.6,2130,1845,0
1836,SONY BEATS INDO WESTERN,16725,8370,6690,0
1835,SONY BEATS LEHNGA,14625,7320,5850,-2
2474,SONY BRUSH PRINT NO.1,5388,2690,2245,4
1552,SONY CRUNCHY 1344,2630.4,2370,2055,0
1815,SONY DEV 144,4812.5,2410,1925,0
2407,SONY DN NO. 17896,5616,2810,2340,1
1517,SONY GANESH 04,1612.8,1450,1260,0
1828,SONY GOWN 1 NO,5587.5,2800,2235,0
1399,SONY GOWN 6,2508.8,2260,1960,0
1833,SONY GOWN 6 NO,4912.5,2460,1965,-2
2397,SONY GOWN NO. 2,8268,4130,3445,4
1469,SONY HARI 51 PURSE,2553.6,2300,1995,0
2714,SONY HARI-51,4752,2380,0,-3
1555,SONY HEAVY 10 NO,9090,7280,6060,0
1830,SONY INDO 3 NO,8187.5,4100,3275,-1
1832,SONY INDO 5 NO,8600,4300,3440,0
1834,SONY INDO 7 NO,7400,3700,2960,-1
2404,SONY INDO NO.8,9948,4970,4145,1
2406,SONY INDO WESTERN NO. 10,8664,4330,3610,1
2398,SONY INDO WESTERN NO. 3,8508,4250,3545,2
2399,SONY INDO WESTERN NO. 4,7512,3760,3130,3
2715,SONY JIHAN=1114,4932,2470,0,-2
1825,SONY JINHA 1082,4862.5,2430,1945,0
1822,SONY JINHA 1084,4862.5,2430,1945,0
1563,SONY JIYA 184 CRUNCHY,4945,2480,2150,0
1823,SONY JIYA 187,5100,2550,2040,0
1513,SONY K 1215,1836.8,1660,1435,0
1817,SONY K 1224 C,3575,1790,1430,0
1818,SONY K 999,5125,2570,2050,0
1556,SONY LACHA 6 NO,7000,3500,2810,-1
1554,SONY LEHNGA BITS WORK,5310,4250,3540,0
2400,SONY NO. 5,6336,3170,2640,3
2396,SONY NO.1,8268,4130,3445,1
2402,SONY NO.6,6480,3240,2700,-1
2403,SONY NO.7,6072,3040,2530,0
2405,SONY NO.9,6600,3300,2750,0
1468,SONY S 70,1651.2,1490,1290,0
2716,SONY S-931,4141,2070,0,-2
2814,SONY VELVET LACHA,5000,2500,0,0
1838,SONY WESTERN BEASTS LACHA 11 NO,15150,7580,6060,0
1837,SONY WESTERN BEATS LACHA,14900,7450,5960,-2
1516,SOONY JIYA 184,2752,2480,2150,0
1715,SRT LOVE CREATION,400,200,185,0
2502,SS AIRCRAFT,16800,8400,6720,1
2503,SS ASICS,13800,6900,5520,1
2494,SS ASSOCIATED,5125,2560,2050,3
2495,SS HIYA,12537.5,6270,5015,3
2496,SS INVOLVING,5125,2560,2050,-5
2504,SS IW-108,21817.5,10910,8727,1
2497,SS JIGGLING,9412.5,4710,3765,2
2498,SS JUMPING,9712.5,4860,3885,1
2499,SS JYOTIKA,6287.5,3140,2515,3
2505,SS NIPPON,15325,7660,6130,1
2564,SSM RADHIKA 1,6987.5,3550,2795,8
2565,SSM RADHIKA 2,6987.5,3550,2795,8
1613,SUITE,0,0,0,-60
1546,SULTAN,576,520,450,0
2736,SURYAJOTI SST,550,400,365,360
1955,SVT PARIDHI,600,300,245,-14
2180,TC 1186,2187.5,1100,875,-1
1937,TOWEL 4K,40,20,18,-5
2062,TOWEL SMALL,0,20,0,-2
1682,TOWELTURKISH  PRIYANKA 30X60,150,60,50,-30
2081,TROUSER,0,0,0,0
1558,UTSAV BLACK BUNNY,800,400,370,0
1551,VELVET HEAVY ZARKAN,595.2,540,465,0
1466,VELVET ZARKAN,588.8,530,460,0
2361,VF BLACK COFEE,3612,1810,1505,-2
2453,VF BLACK COFFEE,3624,1810,1510,8
2373,VF CHOCO BAR,3360,1680,1400,-4
2452,VF CHURMA,3420,1710,1425,16
2454,VF HEENA,3036,1520,1265,7
2375,VF HIT WICKET,3420,1710,1425,-4
2451,VF KOMAL,3036,1520,1265,11
2376,VF LAST TIME,3036,1520,1265,6
2372,VF MAHARANI,3420,1710,1425,-3
2374,VF MOH MAYA,3228,1610,1345,-5
2362,VF PANIPURI,3420,1710,1425,-2
2371,VF RAJ GHARAN,3420,1710,1425,-2
1625,Vimal fortuner Dres,0,300,0,-5
1861,VIMMA VASTRA,800,400,320,0
1676,VIMMA VV,736,350,320,0
2624,VP 212-1,4975,2490,1990,1
2642,VP 212-10,2232.5,1120,893,4
2644,VP 212-11,4070,2030,1628,5
2646,VP 212-12,2350,1170,940,0
2648,VP 212-13,2495,1250,998,8
2650,VP 212-14,5762.5,2880,2305,0
2652,VP 212-15,1300,650,520,1
2654,VP 212-16,3020,1510,1208,7
2656,VP 212-17,4450,2220,1780,5
2658,VP 212-18,4712.5,2360,1885,0
2626,VP 212-2,5237.5,2620,2095,0
2628,VP 212-3,5382.5,2690,2153,2
2630,VP 212-4,4332.5,2170,1733,0
2632,VP 212-5,1380,690,552,2
2634,VP 212-6,5120,2560,2048,2
2636,VP 212-7,3545,1770,1418,4
2638,VP 212-8,3282.5,1640,1313,1
2640,VP 212-9,2757.5,1380,1103,4
2170,WELCOME BILLO RANI,1237.5,620,495,-9
2209,WELCOME IMALI,1212.5,610,485,-7
2813,WELCOME JALWA,780,620,525,0
2208,WELCOME KACHCHI KERI,1250,630,500,-3
2206,WELCOME MANSOON,1125,570,450,-2
2205,WELCOME SAJNI,1125,570,450,-5
2207,WELCOME SILVAR,1312.5,660,520,-1
2204,WELCOME SONA CHANDI,1200,600,480,-3
1557,WELCOME SONI KUDI,697.6,600,545,0
2070,Welcome Sonikudi,1253.5,625,0,0
2213,WHITE MALAI COTTON,1062.5,540,425,-3
1510,YASHIKA BITCOIN,819.2,740,640,-3
1539,YASHIKA DUA,537.6,470,420,-1
1511,YASHIKA JAAM,761.6,690,595,-6
1368,ZARA TWILLNET SHERWANI,2496,2250,1950,0
1369,ZARA VELVET SHERWANI,2944,2650,2300,0
